{
    "train_losses": [
        2.9409246877067448,
        1.8925903424080173,
        0.9597180632420772,
        0.5194386012195923,
        0.3603875640142767
    ],
    "val_losses": [
        2.3814083945994473,
        1.2236385175159998,
        0.5943404460439876,
        0.3390061344419207,
        0.2767490093805352
    ],
    "val_accuracies": [
        0.533678756476684,
        0.9896373056994818,
        1.0,
        1.0,
        1.0
    ],
    "val_mccs": [
        0.5252179061206534,
        0.9891663144012848,
        1.0,
        1.0,
        1.0
    ],
    "best_accuracy": 1.0,
    "best_mcc": 1.0,
    "final_train_loss": 0.3603875640142767,
    "final_val_loss": 0.2767490093805352,
    "num_epochs": 5,
    "batch_size": 4,
    "learning_rate": 2e-05,
    "num_labels": 25,
    "timestamp": "2025-11-03 02:53:29"
}