{
    "configuration": "config_1_baseline",
    "hyperparameters": {
        "batch_size": 32,
        "epochs": 5,
        "learning_rate": 2e-05,
        "warmup_ratio": 0.0,
        "weight_decay": 0.01,
        "max_grad_norm": 1.0
    },
    "training_history": {
        "train_losses": [
            2.789360475663694,
            1.5138773764507758,
            0.6258664557739243,
            0.29523020129592925,
            0.19590607270057955
        ],
        "val_losses": [
            2.0471486291106866,
            0.8706579962555243,
            0.3362093671244018,
            0.18605569293912577,
            0.14874423386491076
        ],
        "val_accuracy": [
            0.533678756476684,
            1.0,
            1.0,
            1.0,
            1.0
        ],
        "val_balanced_accuracy": [
            0.40304761904761904,
            1.0,
            1.0,
            1.0,
            1.0
        ],
        "val_precision_macro": [
            0.4343937670476658,
            1.0,
            1.0,
            1.0,
            1.0
        ],
        "val_recall_macro": [
            0.40304761904761904,
            1.0,
            1.0,
            1.0,
            1.0
        ],
        "val_f1_macro": [
            0.3575459270519728,
            1.0,
            1.0,
            1.0,
            1.0
        ],
        "val_mcc": [
            0.5226811301550666,
            1.0,
            1.0,
            1.0,
            1.0
        ],
        "val_cohen_kappa": [
            0.5014637506457724,
            1.0,
            1.0,
            1.0,
            1.0
        ],
        "epoch_times": [
            80.99144315719604,
            86.36414194107056,
            89.75675511360168,
            91.79214119911194,
            82.70127415657043
        ],
        "learning_rates": [
            1.6000000000000003e-05,
            1.2e-05,
            8.000000000000001e-06,
            4.000000000000001e-06,
            0.0
        ]
    },
    "best_performance": {
        "best_epoch": 2,
        "best_accuracy": 1.0,
        "best_balanced_accuracy": 1.0,
        "best_f1_macro": 1.0,
        "best_mcc": 1.0
    },
    "final_performance": {
        "final_accuracy": 1.0,
        "final_balanced_accuracy": 1.0,
        "final_f1_macro": 1.0,
        "final_train_loss": 0.19590607270057955,
        "final_val_loss": 0.14874423386491076,
        "final_mcc": 1.0
    },
    "training_time": {
        "total_minutes": 7.193496040503184,
        "avg_epoch_seconds": 86.32115111351013
    },
    "model_info": {
        "num_labels": 25,
        "base_model": "bert-base-uncased",
        "total_parameters": 109501465,
        "trainable_parameters": 109501465
    },
    "timestamp": "2025-11-11 23:55:31"
}